,TEAMS,GOALS,xG,SHOTS,SHOTS ON TARGET,DEEP,PPDA,xPTS,A_TEAMS,A_GOALS,A_xG,A_SHOTS,A_SHOTS ON TARGET,A_DEEP,A_PPDA,A_xPTS,timing_chart_xg,gameurl,id
0,FC Cologne,3,4.42,32,12,11,4.33,2.99,Schalke 04,1,0.23,5,2,2,21.67,0.01,"0' Total xG: 0.00;0' Total xG: 0.01;1' Total xG: 0.00;1' Total xG: 0.04;2' Total xG: 0.00;2' Total xG: 0.04;2' Total xG: 0.00;2' Total xG: 0.04;3' Total xG: 0.00;3' Total xG: 0.04;4' Total xG: 0.00;4' Total xG: 0.04;4' Total xG: 0.00;4' Total xG: 0.04;5' Total xG: 0.00;5' Total xG: 0.04;6' Total xG: 0.00;6' Total xG: 0.04;7' Total xG: 0.00;7' Total xG: 0.04;7' Total xG: 0.00;7' Total xG: 0.04;8' Total xG: 0.13;8' Total xG: 0.04;9' Total xG: 0.13;9' Total xG: 0.04;9' Total xG: 0.13;9' Total xG: 0.04;10' Total xG: 0.13;10' Total xG: 0.04;11' Total xG: 0.13;11' Total xG: 0.04;11' Total xG: 0.13;11' Total xG: 0.04;12' Total xG: 0.13;12' Total xG: 0.04;13' Total xG: 0.13;13' Total xG: 0.04;13' Total xG: 0.13;13' Total xG: 0.04;14' Total xG: 0.13;14' Total xG: 0.04;15' Total xG: 0.13;15' Total xG: 0.04;16' Total xG: 0.15;16' Total xG: 0.04;16' Total xG: 0.15;16' Total xG: 0.04;17' Total xG: 0.40;17' Total xG: 0.04;18' Total xG: 0.40;18' Total xG: 0.04;18' Total xG: 0.40;18' Total xG: 0.04;19' Total xG: 0.40;19' Total xG: 0.04;20' Total xG: 0.51;20' Total xG: 0.04;20' Total xG: 0.51;20' Total xG: 0.04;21' Total xG: 0.51;21' Total xG: 0.04;22' Total xG: 0.51;22' Total xG: 0.04;23' Total xG: 0.51;23' Total xG: 0.04;23' Total xG: 0.51;23' Total xG: 0.04;24' Total xG: 0.97;24' Total xG: 0.04;25' Total xG: 0.97;25' Total xG: 0.04;25' Total xG: 0.97;25' Total xG: 0.04;26' Total xG: 0.97;26' Total xG: 0.04;27' Total xG: 0.97;27' Total xG: 0.04;27' Total xG: 0.97;27' Total xG: 0.04;28' Total xG: 0.97;28' Total xG: 0.09;29' Total xG: 0.97;29' Total xG: 0.09;30' Total xG: 0.97;30' Total xG: 0.09;30' Total xG: 0.97;30' Total xG: 0.09;31' Total xG: 0.97;31' Total xG: 0.09;32' Total xG: 0.97;32' Total xG: 0.09;32' Total xG: 0.97;32' Total xG: 0.09;33' Total xG: 0.97;33' Total xG: 0.09;34' Total xG: 0.97;34' Total xG: 0.09;34' Total xG: 0.97;34' Total xG: 0.09;35' Total xG: 0.97;35' Total xG: 0.09;36' Total xG: 1.00;36' Total xG: 0.09;37' Total xG: 1.00;37' Total xG: 0.09;37' Total xG: 1.00;37' Total xG: 0.09;38' Total xG: 1.11;38' Total xG: 0.09;39' Total xG: 1.11;39' Total xG: 0.09;39' Total xG: 1.11;39' Total xG: 0.09;40' Total xG: 1.15;40' Total xG: 0.09;41' Total xG: 1.15;41' Total xG: 0.09;41' Total xG: 1.15;41' Total xG: 0.09;42' Total xG: 1.17;42' Total xG: 0.09;43' Total xG: 1.17;43' Total xG: 0.09;43' Total xG: 1.17;43' Total xG: 0.09;44' Total xG: 1.17;44' Total xG: 0.09;45' Total xG: 1.19;45' Total xG: 0.09;46' Total xG: 1.35;46' Total xG: 0.09;46' Total xG: 1.35;46' Total xG: 0.09;47' Total xG: 1.35;47' Total xG: 0.09;48' Total xG: 2.25
Luca Kilian - Shot xG: 0.90;48' Total xG: 0.09;48' Total xG: 2.25
Luca Kilian - Shot xG: 0.90;48' Total xG: 0.09;49' Total xG: 2.25;49' Total xG: 0.09;50' Total xG: 2.25;50' Total xG: 0.09;50' Total xG: 2.25;50' Total xG: 0.09;51' Total xG: 2.28;51' Total xG: 0.09;52' Total xG: 2.35;52' Total xG: 0.09;53' Total xG: 2.35;53' Total xG: 0.09;53' Total xG: 2.35;53' Total xG: 0.09;54' Total xG: 2.40;54' Total xG: 0.09;55' Total xG: 2.40;55' Total xG: 0.09;55' Total xG: 2.40;55' Total xG: 0.09;56' Total xG: 2.40;56' Total xG: 0.09;57' Total xG: 2.48;57' Total xG: 0.09;57' Total xG: 2.48;57' Total xG: 0.09;58' Total xG: 2.48;58' Total xG: 0.09;59' Total xG: 2.48;59' Total xG: 0.09;60' Total xG: 2.48;60' Total xG: 0.09;60' Total xG: 2.48;60' Total xG: 0.09;61' Total xG: 3.76
Florian Kainz - Shot xG: 0.50;61' Total xG: 0.09;62' Total xG: 3.76;62' Total xG: 0.09;62' Total xG: 3.76;62' Total xG: 0.09;63' Total xG: 3.76;63' Total xG: 0.09;64' Total xG: 3.76;64' Total xG: 0.09;64' Total xG: 3.76;64' Total xG: 0.09;65' Total xG: 3.76;65' Total xG: 0.09;66' Total xG: 3.79;66' Total xG: 0.09;66' Total xG: 3.79;66' Total xG: 0.09;67' Total xG: 3.79;67' Total xG: 0.09;68' Total xG: 3.79;68' Total xG: 0.09;69' Total xG: 3.79;69' Total xG: 0.09;69' Total xG: 3.79;69' Total xG: 0.09;70' Total xG: 3.79;70' Total xG: 0.09;71' Total xG: 3.79;71' Total xG: 0.09;71' Total xG: 3.79;71' Total xG: 0.09;72' Total xG: 3.79;72' Total xG: 0.09;73' Total xG: 3.91;73' Total xG: 0.09;73' Total xG: 3.91;73' Total xG: 0.09;74' Total xG: 3.91;74' Total xG: 0.09;75' Total xG: 3.91;75' Total xG: 0.15
Marius Bülter - Shot xG: 0.05;76' Total xG: 3.91;76' Total xG: 0.15;76' Total xG: 3.91;76' Total xG: 0.15;77' Total xG: 3.91;77' Total xG: 0.15;78' Total xG: 3.91;78' Total xG: 0.15;78' Total xG: 3.91;78' Total xG: 0.15;79' Total xG: 4.03
Dejan Ljubicic - Shot xG: 0.12;79' Total xG: 0.15;80' Total xG: 4.03;80' Total xG: 0.15;80' Total xG: 4.03;80' Total xG: 0.15;81' Total xG: 4.03;81' Total xG: 0.15;82' Total xG: 4.03;82' Total xG: 0.15;83' Total xG: 4.03;83' Total xG: 0.15;83' Total xG: 4.03;83' Total xG: 0.15;84' Total xG: 4.11;84' Total xG: 0.15;85' Total xG: 4.11;85' Total xG: 0.15;85' Total xG: 4.11;85' Total xG: 0.15;86' Total xG: 4.11;86' Total xG: 0.15;87' Total xG: 4.14;87' Total xG: 0.15;87' Total xG: 4.14;87' Total xG: 0.15;88' Total xG: 4.14;88' Total xG: 0.15;89' Total xG: 4.14;89' Total xG: 0.15;90' Total xG: 4.14;90' Total xG: 0.15;90' Total xG: 4.14;90' Total xG: 0.15;91' Total xG: 4.37;91' Total xG: 0.23;92' Total xG: 4.37;92' Total xG: 0.23;92' Total xG: 4.37;92' Total xG: 0.23;93' Total xG: 4.42;93' Total xG: 0.23",https://understat.com/match/19350,1
1,Eintracht Frankfurt,1,0.76,8,2,3,31.85,0.03,Bayern Munich,6,4.56,23,10,12,8.17,2.95,"0' Total xG: 0.00;0' Total xG: 0.00;1' Total xG: 0.00;1' Total xG: 0.05;2' Total xG: 0.00;2' Total xG: 0.05;2' Total xG: 0.00;2' Total xG: 0.05;3' Total xG: 0.00;3' Total xG: 0.05;4' Total xG: 0.00;4' Total xG: 0.08
Joshua Kimmich - Shot xG: 0.03;4' Total xG: 0.00;4' Total xG: 0.08
Joshua Kimmich - Shot xG: 0.03;5' Total xG: 0.00;5' Total xG: 0.08;6' Total xG: 0.00;6' Total xG: 0.14;6' Total xG: 0.00;6' Total xG: 0.14;7' Total xG: 0.00;7' Total xG: 0.17;8' Total xG: 0.00;8' Total xG: 0.29;8' Total xG: 0.00;8' Total xG: 0.29;9' Total xG: 0.00;9' Total xG: 0.48
Benjamin Pavard - Shot xG: 0.09;10' Total xG: 0.00;10' Total xG: 0.48;10' Total xG: 0.00;10' Total xG: 0.48;11' Total xG: 0.11;11' Total xG: 0.48;12' Total xG: 0.11;12' Total xG: 0.48;12' Total xG: 0.11;12' Total xG: 0.48;13' Total xG: 0.11;13' Total xG: 0.48;14' Total xG: 0.11;14' Total xG: 0.55;14' Total xG: 0.11;14' Total xG: 0.55;15' Total xG: 0.11;15' Total xG: 0.67;16' Total xG: 0.11;16' Total xG: 0.67;16' Total xG: 0.11;16' Total xG: 0.67;17' Total xG: 0.11;17' Total xG: 0.67;18' Total xG: 0.11;18' Total xG: 0.67;19' Total xG: 0.11;19' Total xG: 0.67;19' Total xG: 0.11;19' Total xG: 0.67;20' Total xG: 0.11;20' Total xG: 0.67;21' Total xG: 0.11;21' Total xG: 0.67;21' Total xG: 0.11;21' Total xG: 0.67;22' Total xG: 0.11;22' Total xG: 1.29;23' Total xG: 0.11;23' Total xG: 1.29;23' Total xG: 0.11;23' Total xG: 1.29;24' Total xG: 0.11;24' Total xG: 1.29;25' Total xG: 0.41;25' Total xG: 1.29;25' Total xG: 0.41;25' Total xG: 1.29;26' Total xG: 0.41;26' Total xG: 1.32;27' Total xG: 0.41;27' Total xG: 1.32;27' Total xG: 0.41;27' Total xG: 1.32;28' Total xG: 0.41;28' Total xG: 1.72
Sadio Mané - Shot xG: 0.41;29' Total xG: 0.41;29' Total xG: 1.72;29' Total xG: 0.41;29' Total xG: 1.72;30' Total xG: 0.41;30' Total xG: 1.72;31' Total xG: 0.41;31' Total xG: 1.72;31' Total xG: 0.41;31' Total xG: 1.72;32' Total xG: 0.41;32' Total xG: 2.46;33' Total xG: 0.43;33' Total xG: 2.46;33' Total xG: 0.43;33' Total xG: 2.46;34' Total xG: 0.43;34' Total xG: 3.21
Jamal Musiala - Shot xG: 0.75;35' Total xG: 0.43;35' Total xG: 3.21;35' Total xG: 0.43;35' Total xG: 3.21;36' Total xG: 0.43;36' Total xG: 3.21;37' Total xG: 0.43;37' Total xG: 3.21;37' Total xG: 0.43;37' Total xG: 3.21;38' Total xG: 0.43;38' Total xG: 3.21;39' Total xG: 0.43;39' Total xG: 3.21;39' Total xG: 0.43;39' Total xG: 3.21;40' Total xG: 0.43;40' Total xG: 3.21;41' Total xG: 0.43;41' Total xG: 3.21;42' Total xG: 0.43;42' Total xG: 3.55
Serge Gnabry - Shot xG: 0.34;42' Total xG: 0.43;42' Total xG: 3.55
Serge Gnabry - Shot xG: 0.34;43' Total xG: 0.43;43' Total xG: 3.55;44' Total xG: 0.43;44' Total xG: 3.55;44' Total xG: 0.43;44' Total xG: 3.55;45' Total xG: 0.43;45' Total xG: 3.55;46' Total xG: 0.43;46' Total xG: 3.55;46' Total xG: 0.43;46' Total xG: 3.55;47' Total xG: 0.43;47' Total xG: 3.55;48' Total xG: 0.43;48' Total xG: 3.55;48' Total xG: 0.43;48' Total xG: 3.55;49' Total xG: 0.43;49' Total xG: 3.55;50' Total xG: 0.43;50' Total xG: 3.55;50' Total xG: 0.43;50' Total xG: 3.55;51' Total xG: 0.43;51' Total xG: 3.55;52' Total xG: 0.43;52' Total xG: 3.55;52' Total xG: 0.43;52' Total xG: 3.55;53' Total xG: 0.43;53' Total xG: 3.55;54' Total xG: 0.43;54' Total xG: 3.55;54' Total xG: 0.43;54' Total xG: 3.55;55' Total xG: 0.43;55' Total xG: 3.55;56' Total xG: 0.43;56' Total xG: 3.55;56' Total xG: 0.43;56' Total xG: 3.55;57' Total xG: 0.43;57' Total xG: 3.55;58' Total xG: 0.43;58' Total xG: 3.55;58' Total xG: 0.43;58' Total xG: 3.55;59' Total xG: 0.43;59' Total xG: 3.55;60' Total xG: 0.43;60' Total xG: 3.55;60' Total xG: 0.43;60' Total xG: 3.55;61' Total xG: 0.44;61' Total xG: 3.55;62' Total xG: 0.44;62' Total xG: 3.55;62' Total xG: 0.44;62' Total xG: 3.55;63' Total xG: 0.65
Randal Kolo Muani - Shot xG: 0.21;63' Total xG: 3.55;64' Total xG: 0.65;64' Total xG: 3.55;65' Total xG: 0.65;65' Total xG: 3.55;65' Total xG: 0.65;65' Total xG: 3.55;66' Total xG: 0.65;66' Total xG: 3.55;67' Total xG: 0.65;67' Total xG: 3.55;67' Total xG: 0.65;67' Total xG: 3.55;68' Total xG: 0.70;68' Total xG: 3.55;69' Total xG: 0.70;69' Total xG: 3.55;69' Total xG: 0.70;69' Total xG: 3.55;70' Total xG: 0.70;70' Total xG: 3.55;71' Total xG: 0.70;71' Total xG: 3.55;71' Total xG: 0.70;71' Total xG: 3.55;72' Total xG: 0.70;72' Total xG: 3.55;73' Total xG: 0.70;73' Total xG: 3.91;73' Total xG: 0.70;73' Total xG: 3.91;74' Total xG: 0.70;74' Total xG: 3.91;75' Total xG: 0.70;75' Total xG: 3.91;75' Total xG: 0.70;75' Total xG: 3.91;76' Total xG: 0.76;76' Total xG: 3.91;77' Total xG: 0.76;77' Total xG: 3.91;77' Total xG: 0.76;77' Total xG: 3.91;78' Total xG: 0.76;78' Total xG: 3.91;79' Total xG: 0.76;79' Total xG: 3.91;79' Total xG: 0.76;79' Total xG: 3.91;80' Total xG: 0.76;80' Total xG: 3.93;81' Total xG: 0.76;81' Total xG: 4.03;81' Total xG: 0.76;81' Total xG: 4.03;82' Total xG: 0.76;82' Total xG: 4.54
Jamal Musiala - Shot xG: 0.52;83' Total xG: 0.76;83' Total xG: 4.54;83' Total xG: 0.76;83' Total xG: 4.54;84' Total xG: 0.76;84' Total xG: 4.54;85' Total xG: 0.76;85' Total xG: 4.54;85' Total xG: 0.76;85' Total xG: 4.54;86' Total xG: 0.76;86' Total xG: 4.56;87' Total xG: 0.76;87' Total xG: 4.56;88' Total xG: 0.76;88' Total xG: 4.56;88' Total xG: 0.76;88' Total xG: 4.56;89' Total xG: 0.76;89' Total xG: 4.56;90' Total xG: 0.76;90' Total xG: 4.56;90' Total xG: 0.76;90' Total xG: 4.56",https://understat.com/match/19342,2
2,Borussia Dortmund,1,2.38,15,4,8,9.10,2.27,Bayer Leverkusen,0,1.24,8,3,2,9.00,0.52,"0' Total xG: 0.00;0' Total xG: 0.00;1' Total xG: 0.00;1' Total xG: 0.12;2' Total xG: 0.00;2' Total xG: 0.12;2' Total xG: 0.00;2' Total xG: 0.12;3' Total xG: 0.00;3' Total xG: 0.12;4' Total xG: 0.00;4' Total xG: 0.12;5' Total xG: 0.00;5' Total xG: 0.12;5' Total xG: 0.00;5' Total xG: 0.12;6' Total xG: 0.00;6' Total xG: 0.12;7' Total xG: 0.00;7' Total xG: 0.12;7' Total xG: 0.00;7' Total xG: 0.12;8' Total xG: 0.29;8' Total xG: 0.12;9' Total xG: 1.24
Marco Reus - Shot xG: 0.95;9' Total xG: 0.12;9' Total xG: 1.24
Marco Reus - Shot xG: 0.95;9' Total xG: 0.12;10' Total xG: 1.24;10' Total xG: 0.12;11' Total xG: 1.24;11' Total xG: 0.12;12' Total xG: 1.24;12' Total xG: 0.14;12' Total xG: 1.24;12' Total xG: 0.14;13' Total xG: 1.24;13' Total xG: 0.14;14' Total xG: 1.24;14' Total xG: 0.14;14' Total xG: 1.24;14' Total xG: 0.14;15' Total xG: 1.24;15' Total xG: 0.14;16' Total xG: 1.24;16' Total xG: 0.14;16' Total xG: 1.24;16' Total xG: 0.14;17' Total xG: 1.24;17' Total xG: 0.14;18' Total xG: 1.24;18' Total xG: 0.14;19' Total xG: 1.30;19' Total xG: 0.19;19' Total xG: 1.30;19' Total xG: 0.19;20' Total xG: 1.30;20' Total xG: 0.19;21' Total xG: 1.30;21' Total xG: 0.19;21' Total xG: 1.30;21' Total xG: 0.19;22' Total xG: 1.30;22' Total xG: 0.19;23' Total xG: 1.30;23' Total xG: 0.19;24' Total xG: 1.30;24' Total xG: 0.19;24' Total xG: 1.30;24' Total xG: 0.19;25' Total xG: 1.30;25' Total xG: 0.19;26' Total xG: 1.30;26' Total xG: 0.19;26' Total xG: 1.30;26' Total xG: 0.19;27' Total xG: 1.47;27' Total xG: 0.19;28' Total xG: 1.47;28' Total xG: 0.19;28' Total xG: 1.47;28' Total xG: 0.19;29' Total xG: 1.47;29' Total xG: 0.19;30' Total xG: 1.47;30' Total xG: 0.19;31' Total xG: 1.47;31' Total xG: 0.19;31' Total xG: 1.47;31' Total xG: 0.19;32' Total xG: 1.47;32' Total xG: 0.19;33' Total xG: 1.47;33' Total xG: 0.19;33' Total xG: 1.47;33' Total xG: 0.19;34' Total xG: 1.47;34' Total xG: 0.19;35' Total xG: 1.47;35' Total xG: 0.19;36' Total xG: 1.47;36' Total xG: 0.19;36' Total xG: 1.47;36' Total xG: 0.19;37' Total xG: 1.47;37' Total xG: 0.19;38' Total xG: 1.47;38' Total xG: 0.19;38' Total xG: 1.47;38' Total xG: 0.19;39' Total xG: 1.47;39' Total xG: 0.19;40' Total xG: 1.47;40' Total xG: 0.19;40' Total xG: 1.47;40' Total xG: 0.19;41' Total xG: 1.49;41' Total xG: 0.19;42' Total xG: 1.49;42' Total xG: 0.19;43' Total xG: 1.49;43' Total xG: 0.19;43' Total xG: 1.49;43' Total xG: 0.19;44' Total xG: 1.49;44' Total xG: 0.19;45' Total xG: 1.49;45' Total xG: 0.19;45' Total xG: 1.49;45' Total xG: 0.19;46' Total xG: 1.49;46' Total xG: 0.19;47' Total xG: 1.49;47' Total xG: 0.19;47' Total xG: 1.49;47' Total xG: 0.19;48' Total xG: 1.49;48' Total xG: 0.19;49' Total xG: 2.11;49' Total xG: 0.19;50' Total xG: 2.11;50' Total xG: 0.19;50' Total xG: 2.11;50' Total xG: 0.19;51' Total xG: 2.11;51' Total xG: 0.19;52' Total xG: 2.11;52' Total xG: 0.25;52' Total xG: 2.11;52' Total xG: 0.25;53' Total xG: 2.11;53' Total xG: 0.25;54' Total xG: 2.11;54' Total xG: 0.25;55' Total xG: 2.11;55' Total xG: 0.25;55' Total xG: 2.11;55' Total xG: 0.25;56' Total xG: 2.11;56' Total xG: 0.25;57' Total xG: 2.11;57' Total xG: 0.25;57' Total xG: 2.11;57' Total xG: 0.25;58' Total xG: 2.11;58' Total xG: 0.25;59' Total xG: 2.11;59' Total xG: 0.25;59' Total xG: 2.11;59' Total xG: 0.25;60' Total xG: 2.11;60' Total xG: 0.25;61' Total xG: 2.12;61' Total xG: 0.25;62' Total xG: 2.12;62' Total xG: 0.72;62' Total xG: 2.12;62' Total xG: 0.72;63' Total xG: 2.12;63' Total xG: 0.72;64' Total xG: 2.17;64' Total xG: 0.72;64' Total xG: 2.17;64' Total xG: 0.72;65' Total xG: 2.17;65' Total xG: 0.72;66' Total xG: 2.17;66' Total xG: 0.72;67' Total xG: 2.17;67' Total xG: 1.20;67' Total xG: 2.17;67' Total xG: 1.20;68' Total xG: 2.17;68' Total xG: 1.22;69' Total xG: 2.17;69' Total xG: 1.24;69' Total xG: 2.17;69' Total xG: 1.24;70' Total xG: 2.17;70' Total xG: 1.24;71' Total xG: 2.17;71' Total xG: 1.24;71' Total xG: 2.17;71' Total xG: 1.24;72' Total xG: 2.17;72' Total xG: 1.24;73' Total xG: 2.22;73' Total xG: 1.24;74' Total xG: 2.22;74' Total xG: 1.24;74' Total xG: 2.22;74' Total xG: 1.24;75' Total xG: 2.22;75' Total xG: 1.24;76' Total xG: 2.22;76' Total xG: 1.24;76' Total xG: 2.22;76' Total xG: 1.24;77' Total xG: 2.22;77' Total xG: 1.24;78' Total xG: 2.22;78' Total xG: 1.24;78' Total xG: 2.22;78' Total xG: 1.24;79' Total xG: 2.22;79' Total xG: 1.24;80' Total xG: 2.22;80' Total xG: 1.24;81' Total xG: 2.22;81' Total xG: 1.24;81' Total xG: 2.22;81' Total xG: 1.24;82' Total xG: 2.22;82' Total xG: 1.24;83' Total xG: 2.22;83' Total xG: 1.24;83' Total xG: 2.22;83' Total xG: 1.24;84' Total xG: 2.24;84' Total xG: 1.24;85' Total xG: 2.24;85' Total xG: 1.24;86' Total xG: 2.24;86' Total xG: 1.24;86' Total xG: 2.24;86' Total xG: 1.24;87' Total xG: 2.25;87' Total xG: 1.24;88' Total xG: 2.25;88' Total xG: 1.24;88' Total xG: 2.25;88' Total xG: 1.24;89' Total xG: 2.25;89' Total xG: 1.24;90' Total xG: 2.25;90' Total xG: 1.24;90' Total xG: 2.25;90' Total xG: 1.24;91' Total xG: 2.25;91' Total xG: 1.24;92' Total xG: 2.25;92' Total xG: 1.24;93' Total xG: 2.25;93' Total xG: 1.24;93' Total xG: 2.25;93' Total xG: 1.24;94' Total xG: 2.38;94' Total xG: 1.24",https://understat.com/match/19348,3
3,Bochum,1,0.82,15,3,3,6.84,0.75,Mainz 05,2,1.59,13,6,3,16.62,1.99,"0' Total xG: 0.00;0' Total xG: 0.00;1' Total xG: 0.00;1' Total xG: 0.00;2' Total xG: 0.00;2' Total xG: 0.00;2' Total xG: 0.00;2' Total xG: 0.00;3' Total xG: 0.00;3' Total xG: 0.00;4' Total xG: 0.00;4' Total xG: 0.00;4' Total xG: 0.00;4' Total xG: 0.00;5' Total xG: 0.00;5' Total xG: 0.00;6' Total xG: 0.00;6' Total xG: 0.00;7' Total xG: 0.00;7' Total xG: 0.00;7' Total xG: 0.00;7' Total xG: 0.00;8' Total xG: 0.00;8' Total xG: 0.00;9' Total xG: 0.00;9' Total xG: 0.00;9' Total xG: 0.00;9' Total xG: 0.00;10' Total xG: 0.01;10' Total xG: 0.00;11' Total xG: 0.01;11' Total xG: 0.00;12' Total xG: 0.10;12' Total xG: 0.08;12' Total xG: 0.10;12' Total xG: 0.08;13' Total xG: 0.10;13' Total xG: 0.09;14' Total xG: 0.10;14' Total xG: 0.09;14' Total xG: 0.10;14' Total xG: 0.09;15' Total xG: 0.10;15' Total xG: 0.09;16' Total xG: 0.10;16' Total xG: 0.09;17' Total xG: 0.10;17' Total xG: 0.09;17' Total xG: 0.10;17' Total xG: 0.09;18' Total xG: 0.10;18' Total xG: 0.09;19' Total xG: 0.10;19' Total xG: 0.09;19' Total xG: 0.10;19' Total xG: 0.09;20' Total xG: 0.10;20' Total xG: 0.09;21' Total xG: 0.10;21' Total xG: 0.09;22' Total xG: 0.10;22' Total xG: 0.09;22' Total xG: 0.10;22' Total xG: 0.09;23' Total xG: 0.44;23' Total xG: 0.09;24' Total xG: 0.44;24' Total xG: 0.09;24' Total xG: 0.44;24' Total xG: 0.09;25' Total xG: 0.44;25' Total xG: 0.70
Karim Onisiwo - Shot xG: 0.32;26' Total xG: 0.44;26' Total xG: 0.70;27' Total xG: 0.44;27' Total xG: 1.20;27' Total xG: 0.44;27' Total xG: 1.20;28' Total xG: 0.44;28' Total xG: 1.20;29' Total xG: 0.44;29' Total xG: 1.20;29' Total xG: 0.44;29' Total xG: 1.20;30' Total xG: 0.44;30' Total xG: 1.24;31' Total xG: 0.44;31' Total xG: 1.24;32' Total xG: 0.44;32' Total xG: 1.24;32' Total xG: 0.44;32' Total xG: 1.24;33' Total xG: 0.45;33' Total xG: 1.24;34' Total xG: 0.45;34' Total xG: 1.26;34' Total xG: 0.45;34' Total xG: 1.26;35' Total xG: 0.45;35' Total xG: 1.26;36' Total xG: 0.45;36' Total xG: 1.31;37' Total xG: 0.45;37' Total xG: 1.35;37' Total xG: 0.45;37' Total xG: 1.35;38' Total xG: 0.46
Kevin Stöger - Shot xG: 0.01;38' Total xG: 1.35;39' Total xG: 0.46;39' Total xG: 1.35;39' Total xG: 0.46;39' Total xG: 1.35;40' Total xG: 0.49;40' Total xG: 1.35;41' Total xG: 0.49;41' Total xG: 1.35;42' Total xG: 0.49;42' Total xG: 1.35;42' Total xG: 0.49;42' Total xG: 1.35;43' Total xG: 0.49;43' Total xG: 1.35;44' Total xG: 0.49;44' Total xG: 1.35;44' Total xG: 0.49;44' Total xG: 1.35;45' Total xG: 0.49;45' Total xG: 1.35;46' Total xG: 0.49;46' Total xG: 1.35;47' Total xG: 0.49;47' Total xG: 1.35;47' Total xG: 0.49;47' Total xG: 1.35;48' Total xG: 0.50;48' Total xG: 1.35;49' Total xG: 0.50;49' Total xG: 1.35;49' Total xG: 0.50;49' Total xG: 1.35;50' Total xG: 0.50;50' Total xG: 1.35;51' Total xG: 0.55;51' Total xG: 1.35;52' Total xG: 0.55;52' Total xG: 1.35;52' Total xG: 0.55;52' Total xG: 1.35;53' Total xG: 0.55;53' Total xG: 1.35;54' Total xG: 0.55;54' Total xG: 1.35;54' Total xG: 0.55;54' Total xG: 1.35;55' Total xG: 0.55;55' Total xG: 1.35;56' Total xG: 0.55;56' Total xG: 1.35;56' Total xG: 0.55;56' Total xG: 1.35;57' Total xG: 0.65;57' Total xG: 1.35;58' Total xG: 0.70;58' Total xG: 1.35;59' Total xG: 0.76;59' Total xG: 1.35;59' Total xG: 0.76;59' Total xG: 1.35;60' Total xG: 0.76;60' Total xG: 1.35;61' Total xG: 0.76;61' Total xG: 1.35;61' Total xG: 0.76;61' Total xG: 1.35;62' Total xG: 0.76;62' Total xG: 1.35;63' Total xG: 0.76;63' Total xG: 1.35;64' Total xG: 0.76;64' Total xG: 1.35;64' Total xG: 0.76;64' Total xG: 1.35;65' Total xG: 0.76;65' Total xG: 1.35;66' Total xG: 0.76;66' Total xG: 1.35;66' Total xG: 0.76;66' Total xG: 1.35;67' Total xG: 0.76;67' Total xG: 1.35;68' Total xG: 0.76;68' Total xG: 1.35;69' Total xG: 0.76;69' Total xG: 1.35;69' Total xG: 0.76;69' Total xG: 1.35;70' Total xG: 0.76;70' Total xG: 1.35;71' Total xG: 0.76;71' Total xG: 1.35;71' Total xG: 0.76;71' Total xG: 1.35;72' Total xG: 0.76;72' Total xG: 1.35;73' Total xG: 0.76;73' Total xG: 1.35;74' Total xG: 0.76;74' Total xG: 1.41;74' Total xG: 0.76;74' Total xG: 1.41;75' Total xG: 0.76;75' Total xG: 1.41;76' Total xG: 0.76;76' Total xG: 1.54
Karim Onisiwo - Shot xG: 0.13;76' Total xG: 0.76;76' Total xG: 1.54
Karim Onisiwo - Shot xG: 0.13;77' Total xG: 0.76;77' Total xG: 1.54;78' Total xG: 0.76;78' Total xG: 1.54;79' Total xG: 0.76;79' Total xG: 1.54;79' Total xG: 0.76;79' Total xG: 1.54;80' Total xG: 0.78;80' Total xG: 1.54;81' Total xG: 0.78;81' Total xG: 1.54;81' Total xG: 0.78;81' Total xG: 1.54;82' Total xG: 0.78;82' Total xG: 1.54;83' Total xG: 0.78;83' Total xG: 1.54;84' Total xG: 0.78;84' Total xG: 1.54;84' Total xG: 0.78;84' Total xG: 1.54;85' Total xG: 0.78;85' Total xG: 1.54;86' Total xG: 0.78;86' Total xG: 1.54;86' Total xG: 0.78;86' Total xG: 1.54;87' Total xG: 0.78;87' Total xG: 1.54;88' Total xG: 0.78;88' Total xG: 1.54;89' Total xG: 0.79;89' Total xG: 1.54;89' Total xG: 0.79;89' Total xG: 1.54;90' Total xG: 0.79;90' Total xG: 1.54;91' Total xG: 0.82;91' Total xG: 1.54;91' Total xG: 0.82;91' Total xG: 1.54;92' Total xG: 0.82;92' Total xG: 1.54;93' Total xG: 0.82;93' Total xG: 1.54;94' Total xG: 0.82;94' Total xG: 1.54;94' Total xG: 0.82;94' Total xG: 1.54;95' Total xG: 0.82;95' Total xG: 1.59",https://understat.com/match/19346,4
4,Augsburg,0,0.59,11,2,6,6.67,0.62,Freiburg,4,1.54,19,7,6,9.92,2.13,"0' Total xG: 0.00;0' Total xG: 0.00;1' Total xG: 0.00;1' Total xG: 0.00;2' Total xG: 0.00;2' Total xG: 0.00;2' Total xG: 0.00;2' Total xG: 0.00;3' Total xG: 0.06;3' Total xG: 0.00;4' Total xG: 0.06;4' Total xG: 0.03;4' Total xG: 0.06;4' Total xG: 0.03;5' Total xG: 0.06;5' Total xG: 0.03;6' Total xG: 0.06;6' Total xG: 0.03;6' Total xG: 0.06;6' Total xG: 0.03;7' Total xG: 0.06;7' Total xG: 0.03;8' Total xG: 0.06;8' Total xG: 0.03;8' Total xG: 0.06;8' Total xG: 0.03;9' Total xG: 0.06;9' Total xG: 0.03;10' Total xG: 0.10;10' Total xG: 0.03;10' Total xG: 0.10;10' Total xG: 0.03;11' Total xG: 0.10;11' Total xG: 0.03;12' Total xG: 0.10;12' Total xG: 0.03;12' Total xG: 0.10;12' Total xG: 0.03;13' Total xG: 0.10;13' Total xG: 0.03;14' Total xG: 0.10;14' Total xG: 0.03;14' Total xG: 0.10;14' Total xG: 0.03;15' Total xG: 0.10;15' Total xG: 0.03;16' Total xG: 0.10;16' Total xG: 0.03;16' Total xG: 0.10;16' Total xG: 0.03;17' Total xG: 0.10;17' Total xG: 0.03;18' Total xG: 0.10;18' Total xG: 0.03;18' Total xG: 0.10;18' Total xG: 0.03;19' Total xG: 0.10;19' Total xG: 0.03;20' Total xG: 0.10;20' Total xG: 0.03;20' Total xG: 0.10;20' Total xG: 0.03;21' Total xG: 0.10;21' Total xG: 0.03;22' Total xG: 0.10;22' Total xG: 0.03;23' Total xG: 0.10;23' Total xG: 0.03;23' Total xG: 0.10;23' Total xG: 0.03;24' Total xG: 0.10;24' Total xG: 0.03;25' Total xG: 0.10;25' Total xG: 0.03;25' Total xG: 0.10;25' Total xG: 0.03;26' Total xG: 0.10;26' Total xG: 0.03;27' Total xG: 0.10;27' Total xG: 0.03;27' Total xG: 0.10;27' Total xG: 0.03;28' Total xG: 0.10;28' Total xG: 0.08;29' Total xG: 0.10;29' Total xG: 0.08;29' Total xG: 0.10;29' Total xG: 0.08;30' Total xG: 0.10;30' Total xG: 0.08;31' Total xG: 0.10;31' Total xG: 0.15;31' Total xG: 0.10;31' Total xG: 0.15;32' Total xG: 0.10;32' Total xG: 0.17;33' Total xG: 0.10;33' Total xG: 0.20;33' Total xG: 0.10;33' Total xG: 0.20;34' Total xG: 0.10;34' Total xG: 0.20;35' Total xG: 0.10;35' Total xG: 0.20;35' Total xG: 0.10;35' Total xG: 0.20;36' Total xG: 0.10;36' Total xG: 0.23;37' Total xG: 0.16;37' Total xG: 0.23;37' Total xG: 0.16;37' Total xG: 0.23;38' Total xG: 0.25;38' Total xG: 0.23;39' Total xG: 0.25;39' Total xG: 0.23;39' Total xG: 0.25;39' Total xG: 0.23;40' Total xG: 0.25;40' Total xG: 0.23;41' Total xG: 0.25;41' Total xG: 0.23;41' Total xG: 0.25;41' Total xG: 0.23;42' Total xG: 0.25;42' Total xG: 0.23;43' Total xG: 0.25;43' Total xG: 0.23;44' Total xG: 0.25;44' Total xG: 0.23;44' Total xG: 0.25;44' Total xG: 0.23;45' Total xG: 0.25;45' Total xG: 0.56
Michael Gregoritsch - Shot xG: 0.33;46' Total xG: 0.30;46' Total xG: 0.56;46' Total xG: 0.30;46' Total xG: 0.56;47' Total xG: 0.30;47' Total xG: 0.78
Vincenzo Grifo - Shot xG: 0.04;48' Total xG: 0.30;48' Total xG: 0.78;48' Total xG: 0.30;48' Total xG: 0.78;49' Total xG: 0.30;49' Total xG: 0.78;50' Total xG: 0.30;50' Total xG: 0.78;50' Total xG: 0.30;50' Total xG: 0.78;51' Total xG: 0.30;51' Total xG: 0.78;52' Total xG: 0.30;52' Total xG: 0.86;52' Total xG: 0.30;52' Total xG: 0.86;53' Total xG: 0.30;53' Total xG: 0.86;54' Total xG: 0.30;54' Total xG: 0.92;54' Total xG: 0.30;54' Total xG: 0.92;55' Total xG: 0.30;55' Total xG: 0.92;56' Total xG: 0.30;56' Total xG: 0.92;56' Total xG: 0.30;56' Total xG: 0.92;57' Total xG: 0.32;57' Total xG: 0.92;58' Total xG: 0.32;58' Total xG: 0.92;58' Total xG: 0.32;58' Total xG: 0.92;59' Total xG: 0.32;59' Total xG: 0.93;60' Total xG: 0.32;60' Total xG: 1.00
Matthias Ginter - Shot xG: 0.07;60' Total xG: 0.32;60' Total xG: 1.00
Matthias Ginter - Shot xG: 0.07;61' Total xG: 0.32;61' Total xG: 1.00;62' Total xG: 0.40;62' Total xG: 1.00;62' Total xG: 0.40;62' Total xG: 1.00;63' Total xG: 0.40;63' Total xG: 1.00;64' Total xG: 0.44;64' Total xG: 1.00;65' Total xG: 0.44;65' Total xG: 1.00;65' Total xG: 0.44;65' Total xG: 1.00;66' Total xG: 0.44;66' Total xG: 1.00;67' Total xG: 0.49;67' Total xG: 1.00;67' Total xG: 0.49;67' Total xG: 1.00;68' Total xG: 0.49;68' Total xG: 1.00;69' Total xG: 0.49;69' Total xG: 1.00;69' Total xG: 0.49;69' Total xG: 1.00;70' Total xG: 0.49;70' Total xG: 1.00;71' Total xG: 0.49;71' Total xG: 1.00;71' Total xG: 0.49;71' Total xG: 1.00;72' Total xG: 0.49;72' Total xG: 1.00;73' Total xG: 0.49;73' Total xG: 1.40;73' Total xG: 0.49;73' Total xG: 1.40;74' Total xG: 0.49;74' Total xG: 1.40;75' Total xG: 0.49;75' Total xG: 1.40;75' Total xG: 0.49;75' Total xG: 1.40;76' Total xG: 0.53;76' Total xG: 1.40;77' Total xG: 0.53;77' Total xG: 1.46
Ritsu Doan - Shot xG: 0.06;77' Total xG: 0.53;77' Total xG: 1.46
Ritsu Doan - Shot xG: 0.06;78' Total xG: 0.53;78' Total xG: 1.46;79' Total xG: 0.53;79' Total xG: 1.48;79' Total xG: 0.53;79' Total xG: 1.48;80' Total xG: 0.53;80' Total xG: 1.48;81' Total xG: 0.59;81' Total xG: 1.48;81' Total xG: 0.59;81' Total xG: 1.48;82' Total xG: 0.59;82' Total xG: 1.48;83' Total xG: 0.59;83' Total xG: 1.48;83' Total xG: 0.59;83' Total xG: 1.48;84' Total xG: 0.59;84' Total xG: 1.48;85' Total xG: 0.59;85' Total xG: 1.48;85' Total xG: 0.59;85' Total xG: 1.48;86' Total xG: 0.59;86' Total xG: 1.48;87' Total xG: 0.59;87' Total xG: 1.54;88' Total xG: 0.59;88' Total xG: 1.54;88' Total xG: 0.59;88' Total xG: 1.54;89' Total xG: 0.59;89' Total xG: 1.54;90' Total xG: 0.59;90' Total xG: 1.54;90' Total xG: 0.59;90' Total xG: 1.54",https://understat.com/match/19347,5
5,Union Berlin,3,1.18,19,8,10,5.97,2.10,Hertha Berlin,1,0.35,7,3,1,15.83,0.61,"0' Total xG: 0.15;0' Total xG: 0.00;1' Total xG: 0.15;1' Total xG: 0.00;2' Total xG: 0.15;2' Total xG: 0.00;2' Total xG: 0.15;2' Total xG: 0.00;3' Total xG: 0.15;3' Total xG: 0.00;4' Total xG: 0.15;4' Total xG: 0.00;4' Total xG: 0.15;4' Total xG: 0.00;5' Total xG: 0.15;5' Total xG: 0.00;6' Total xG: 0.15;6' Total xG: 0.00;6' Total xG: 0.15;6' Total xG: 0.00;7' Total xG: 0.15;7' Total xG: 0.00;8' Total xG: 0.15;8' Total xG: 0.00;8' Total xG: 0.15;8' Total xG: 0.00;9' Total xG: 0.15;9' Total xG: 0.00;10' Total xG: 0.15;10' Total xG: 0.00;10' Total xG: 0.15;10' Total xG: 0.00;11' Total xG: 0.15;11' Total xG: 0.00;12' Total xG: 0.15;12' Total xG: 0.00;12' Total xG: 0.15;12' Total xG: 0.00;13' Total xG: 0.19;13' Total xG: 0.00;14' Total xG: 0.19;14' Total xG: 0.00;14' Total xG: 0.19;14' Total xG: 0.00;15' Total xG: 0.19;15' Total xG: 0.00;16' Total xG: 0.19;16' Total xG: 0.00;16' Total xG: 0.19;16' Total xG: 0.00;17' Total xG: 0.19;17' Total xG: 0.00;18' Total xG: 0.20;18' Total xG: 0.00;18' Total xG: 0.20;18' Total xG: 0.00;19' Total xG: 0.20;19' Total xG: 0.00;20' Total xG: 0.21;20' Total xG: 0.00;20' Total xG: 0.21;20' Total xG: 0.00;21' Total xG: 0.21;21' Total xG: 0.00;22' Total xG: 0.21;22' Total xG: 0.00;23' Total xG: 0.21;23' Total xG: 0.00;23' Total xG: 0.21;23' Total xG: 0.00;24' Total xG: 0.21;24' Total xG: 0.00;25' Total xG: 0.21;25' Total xG: 0.00;25' Total xG: 0.21;25' Total xG: 0.00;26' Total xG: 0.23;26' Total xG: 0.00;27' Total xG: 0.23;27' Total xG: 0.00;27' Total xG: 0.23;27' Total xG: 0.00;28' Total xG: 0.31;28' Total xG: 0.00;29' Total xG: 0.31;29' Total xG: 0.00;29' Total xG: 0.31;29' Total xG: 0.00;30' Total xG: 0.36
Jordan Siebatcheu - Shot xG: 0.05;30' Total xG: 0.00;31' Total xG: 0.36;31' Total xG: 0.00;31' Total xG: 0.36;31' Total xG: 0.00;32' Total xG: 0.36;32' Total xG: 0.00;33' Total xG: 0.36;33' Total xG: 0.00;33' Total xG: 0.36;33' Total xG: 0.00;34' Total xG: 0.36;34' Total xG: 0.00;35' Total xG: 0.36;35' Total xG: 0.07;35' Total xG: 0.36;35' Total xG: 0.07;36' Total xG: 0.36;36' Total xG: 0.07;37' Total xG: 0.66;37' Total xG: 0.07;37' Total xG: 0.66;37' Total xG: 0.07;38' Total xG: 0.66;38' Total xG: 0.07;39' Total xG: 0.66;39' Total xG: 0.07;39' Total xG: 0.66;39' Total xG: 0.07;40' Total xG: 0.66;40' Total xG: 0.07;41' Total xG: 0.66;41' Total xG: 0.07;41' Total xG: 0.66;41' Total xG: 0.07;42' Total xG: 0.66;42' Total xG: 0.07;43' Total xG: 0.66;43' Total xG: 0.07;44' Total xG: 0.69;44' Total xG: 0.07;44' Total xG: 0.69;44' Total xG: 0.07;45' Total xG: 0.71;45' Total xG: 0.07;46' Total xG: 0.74;46' Total xG: 0.07;46' Total xG: 0.74;46' Total xG: 0.07;47' Total xG: 0.77;47' Total xG: 0.07;48' Total xG: 0.77;48' Total xG: 0.07;48' Total xG: 0.77;48' Total xG: 0.07;49' Total xG: 1.07
Sheraldo Becker - Shot xG: 0.31;49' Total xG: 0.07;50' Total xG: 1.07;50' Total xG: 0.07;50' Total xG: 1.07;50' Total xG: 0.07;51' Total xG: 1.07;51' Total xG: 0.07;52' Total xG: 1.07;52' Total xG: 0.07;52' Total xG: 1.07;52' Total xG: 0.07;53' Total xG: 1.13
Robin Knoche - Shot xG: 0.01;53' Total xG: 0.07;54' Total xG: 1.13;54' Total xG: 0.07;54' Total xG: 1.13;54' Total xG: 0.07;55' Total xG: 1.13;55' Total xG: 0.07;56' Total xG: 1.13;56' Total xG: 0.07;56' Total xG: 1.13;56' Total xG: 0.07;57' Total xG: 1.13;57' Total xG: 0.07;58' Total xG: 1.13;58' Total xG: 0.07;58' Total xG: 1.13;58' Total xG: 0.07;59' Total xG: 1.13;59' Total xG: 0.12;60' Total xG: 1.13;60' Total xG: 0.12;60' Total xG: 1.13;60' Total xG: 0.12;61' Total xG: 1.13;61' Total xG: 0.12;62' Total xG: 1.13;62' Total xG: 0.12;62' Total xG: 1.13;62' Total xG: 0.12;63' Total xG: 1.13;63' Total xG: 0.12;64' Total xG: 1.13;64' Total xG: 0.12;65' Total xG: 1.13;65' Total xG: 0.12;65' Total xG: 1.13;65' Total xG: 0.12;66' Total xG: 1.13;66' Total xG: 0.12;67' Total xG: 1.13;67' Total xG: 0.12;67' Total xG: 1.13;67' Total xG: 0.12;68' Total xG: 1.13;68' Total xG: 0.12;69' Total xG: 1.13;69' Total xG: 0.12;69' Total xG: 1.13;69' Total xG: 0.12;70' Total xG: 1.13;70' Total xG: 0.15;71' Total xG: 1.13;71' Total xG: 0.15;71' Total xG: 1.13;71' Total xG: 0.15;72' Total xG: 1.16;72' Total xG: 0.15;73' Total xG: 1.16;73' Total xG: 0.15;73' Total xG: 1.16;73' Total xG: 0.15;74' Total xG: 1.16;74' Total xG: 0.15;75' Total xG: 1.16;75' Total xG: 0.24;75' Total xG: 1.16;75' Total xG: 0.24;76' Total xG: 1.16;76' Total xG: 0.24;77' Total xG: 1.16;77' Total xG: 0.24;77' Total xG: 1.16;77' Total xG: 0.24;78' Total xG: 1.16;78' Total xG: 0.24;79' Total xG: 1.16;79' Total xG: 0.26;79' Total xG: 1.16;79' Total xG: 0.26;80' Total xG: 1.16;80' Total xG: 0.26;81' Total xG: 1.16;81' Total xG: 0.26;81' Total xG: 1.16;81' Total xG: 0.26;82' Total xG: 1.16;82' Total xG: 0.26;83' Total xG: 1.18;83' Total xG: 0.26;83' Total xG: 1.18;83' Total xG: 0.26;84' Total xG: 1.18;84' Total xG: 0.35
Dodi Lukebakio - Shot xG: 0.09;85' Total xG: 1.18;85' Total xG: 0.35;85' Total xG: 1.18;85' Total xG: 0.35;86' Total xG: 1.18;86' Total xG: 0.35;87' Total xG: 1.18;87' Total xG: 0.35;88' Total xG: 1.18;88' Total xG: 0.35;88' Total xG: 1.18;88' Total xG: 0.35;89' Total xG: 1.18;89' Total xG: 0.35;90' Total xG: 1.18;90' Total xG: 0.35;90' Total xG: 1.18;90' Total xG: 0.35",https://understat.com/match/19343,6
6,Borussia M.Gladbach,3,2.07,18,7,21,9.96,2.75,Hoffenheim,1,0.12,2,1,3,18.80,0.14,"0' Total xG: 0.00;0' Total xG: 0.00;1' Total xG: 0.00;1' Total xG: 0.00;2' Total xG: 0.00;2' Total xG: 0.00;2' Total xG: 0.00;2' Total xG: 0.00;3' Total xG: 0.00;3' Total xG: 0.00;4' Total xG: 0.00;4' Total xG: 0.00;4' Total xG: 0.00;4' Total xG: 0.00;5' Total xG: 0.00;5' Total xG: 0.00;6' Total xG: 0.00;6' Total xG: 0.00;6' Total xG: 0.00;6' Total xG: 0.00;7' Total xG: 0.00;7' Total xG: 0.00;8' Total xG: 0.00;8' Total xG: 0.00;8' Total xG: 0.00;8' Total xG: 0.00;9' Total xG: 0.00;9' Total xG: 0.00;10' Total xG: 0.00;10' Total xG: 0.01;11' Total xG: 0.00;11' Total xG: 0.01;11' Total xG: 0.00;11' Total xG: 0.01;12' Total xG: 0.00;12' Total xG: 0.01;13' Total xG: 0.00;13' Total xG: 0.01;13' Total xG: 0.00;13' Total xG: 0.01;14' Total xG: 0.00;14' Total xG: 0.01;15' Total xG: 0.00;15' Total xG: 0.01;15' Total xG: 0.00;15' Total xG: 0.01;16' Total xG: 0.00;16' Total xG: 0.01;17' Total xG: 0.00;17' Total xG: 0.01;17' Total xG: 0.00;17' Total xG: 0.01;18' Total xG: 0.00;18' Total xG: 0.01;19' Total xG: 0.00;19' Total xG: 0.01;19' Total xG: 0.00;19' Total xG: 0.01;20' Total xG: 0.06;20' Total xG: 0.01;21' Total xG: 0.06;21' Total xG: 0.01;21' Total xG: 0.06;21' Total xG: 0.01;22' Total xG: 0.06;22' Total xG: 0.01;23' Total xG: 0.06;23' Total xG: 0.01;23' Total xG: 0.06;23' Total xG: 0.01;24' Total xG: 0.06;24' Total xG: 0.12
Robert Skov - Shot xG: 0.11;25' Total xG: 0.06;25' Total xG: 0.12;26' Total xG: 0.06;26' Total xG: 0.12;26' Total xG: 0.06;26' Total xG: 0.12;27' Total xG: 0.06;27' Total xG: 0.12;28' Total xG: 0.06;28' Total xG: 0.12;28' Total xG: 0.06;28' Total xG: 0.12;29' Total xG: 0.06;29' Total xG: 0.12;30' Total xG: 0.06;30' Total xG: 0.12;30' Total xG: 0.06;30' Total xG: 0.12;31' Total xG: 0.08;31' Total xG: 0.12;32' Total xG: 0.08;32' Total xG: 0.12;32' Total xG: 0.08;32' Total xG: 0.12;33' Total xG: 0.08;33' Total xG: 0.12;34' Total xG: 0.10;34' Total xG: 0.12;34' Total xG: 0.10;34' Total xG: 0.12;35' Total xG: 0.10;35' Total xG: 0.12;36' Total xG: 0.10;36' Total xG: 0.12;36' Total xG: 0.10;36' Total xG: 0.12;37' Total xG: 0.10;37' Total xG: 0.12;38' Total xG: 0.10;38' Total xG: 0.12;38' Total xG: 0.10;38' Total xG: 0.12;39' Total xG: 0.10;39' Total xG: 0.12;40' Total xG: 0.10;40' Total xG: 0.12;41' Total xG: 0.22
Ramy Bensebaini - Shot xG: 0.12;41' Total xG: 0.12;41' Total xG: 0.22
Ramy Bensebaini - Shot xG: 0.12;41' Total xG: 0.12;42' Total xG: 0.22;42' Total xG: 0.12;43' Total xG: 0.22;43' Total xG: 0.12;43' Total xG: 0.22;43' Total xG: 0.12;44' Total xG: 0.22;44' Total xG: 0.12;45' Total xG: 0.31;45' Total xG: 0.12;45' Total xG: 0.31;45' Total xG: 0.12;46' Total xG: 0.31;46' Total xG: 0.12;47' Total xG: 0.33;47' Total xG: 0.12;47' Total xG: 0.33;47' Total xG: 0.12;48' Total xG: 0.41;48' Total xG: 0.12;49' Total xG: 0.41;49' Total xG: 0.12;49' Total xG: 0.41;49' Total xG: 0.12;50' Total xG: 0.41;50' Total xG: 0.12;51' Total xG: 0.41;51' Total xG: 0.12;51' Total xG: 0.41;51' Total xG: 0.12;52' Total xG: 0.56;52' Total xG: 0.12;53' Total xG: 0.56;53' Total xG: 0.12;53' Total xG: 0.56;53' Total xG: 0.12;54' Total xG: 0.56;54' Total xG: 0.12;55' Total xG: 0.62;55' Total xG: 0.12;56' Total xG: 0.62;56' Total xG: 0.12;56' Total xG: 0.62;56' Total xG: 0.12;57' Total xG: 0.62;57' Total xG: 0.12;58' Total xG: 0.62;58' Total xG: 0.12;58' Total xG: 0.62;58' Total xG: 0.12;59' Total xG: 0.62;59' Total xG: 0.12;60' Total xG: 0.72;60' Total xG: 0.12;60' Total xG: 0.72;60' Total xG: 0.12;61' Total xG: 0.74;61' Total xG: 0.12;62' Total xG: 0.74;62' Total xG: 0.12;62' Total xG: 0.74;62' Total xG: 0.12;63' Total xG: 0.74;63' Total xG: 0.12;64' Total xG: 0.74;64' Total xG: 0.12;64' Total xG: 0.74;64' Total xG: 0.12;65' Total xG: 0.74;65' Total xG: 0.12;66' Total xG: 0.74;66' Total xG: 0.12;66' Total xG: 0.74;66' Total xG: 0.12;67' Total xG: 0.74;67' Total xG: 0.12;68' Total xG: 0.74;68' Total xG: 0.12;68' Total xG: 0.74;68' Total xG: 0.12;69' Total xG: 0.74;69' Total xG: 0.12;70' Total xG: 1.08
Marcus Thuram - Shot xG: 0.35;70' Total xG: 0.12;71' Total xG: 1.08;71' Total xG: 0.12;71' Total xG: 1.08;71' Total xG: 0.12;72' Total xG: 1.08;72' Total xG: 0.12;73' Total xG: 1.08;73' Total xG: 0.12;73' Total xG: 1.08;73' Total xG: 0.12;74' Total xG: 1.08;74' Total xG: 0.12;75' Total xG: 1.08;75' Total xG: 0.12;75' Total xG: 1.08;75' Total xG: 0.12;76' Total xG: 1.59;76' Total xG: 0.12;77' Total xG: 1.81
Nico Elvedi - Shot xG: 0.22;77' Total xG: 0.12;77' Total xG: 1.81
Nico Elvedi - Shot xG: 0.22;77' Total xG: 0.12;78' Total xG: 1.81;78' Total xG: 0.12;79' Total xG: 1.81;79' Total xG: 0.12;79' Total xG: 1.81;79' Total xG: 0.12;80' Total xG: 1.81;80' Total xG: 0.12;81' Total xG: 1.90;81' Total xG: 0.12;81' Total xG: 1.90;81' Total xG: 0.12;82' Total xG: 1.90;82' Total xG: 0.12;83' Total xG: 1.90;83' Total xG: 0.12;83' Total xG: 1.90;83' Total xG: 0.12;84' Total xG: 1.90;84' Total xG: 0.12;85' Total xG: 1.90;85' Total xG: 0.12;86' Total xG: 1.90;86' Total xG: 0.12;86' Total xG: 1.90;86' Total xG: 0.12;87' Total xG: 1.90;87' Total xG: 0.12;88' Total xG: 1.90;88' Total xG: 0.12;88' Total xG: 1.90;88' Total xG: 0.12;89' Total xG: 1.94;89' Total xG: 0.12;90' Total xG: 1.94;90' Total xG: 0.12;90' Total xG: 1.94;90' Total xG: 0.12;91' Total xG: 2.07;91' Total xG: 0.12",https://understat.com/match/19344,7
7,VfB Stuttgart,1,0.57,11,2,8,14.00,0.34,RasenBallsport Leipzig,1,2.13,27,9,14,5.39,2.50,"0' Total xG: 0.00;0' Total xG: 0.00;1' Total xG: 0.00;1' Total xG: 0.00;2' Total xG: 0.00;2' Total xG: 0.08;2' Total xG: 0.00;2' Total xG: 0.08;3' Total xG: 0.00;3' Total xG: 0.08;4' Total xG: 0.00;4' Total xG: 0.08;5' Total xG: 0.00;5' Total xG: 0.12;5' Total xG: 0.00;5' Total xG: 0.12;6' Total xG: 0.00;6' Total xG: 0.12;7' Total xG: 0.00;7' Total xG: 0.51
Christopher Nkunku - Shot xG: 0.39;7' Total xG: 0.00;7' Total xG: 0.51
Christopher Nkunku - Shot xG: 0.39;8' Total xG: 0.00;8' Total xG: 0.51;9' Total xG: 0.00;9' Total xG: 0.51;10' Total xG: 0.00;10' Total xG: 0.51;10' Total xG: 0.00;10' Total xG: 0.51;11' Total xG: 0.00;11' Total xG: 0.57;12' Total xG: 0.00;12' Total xG: 0.57;12' Total xG: 0.00;12' Total xG: 0.57;13' Total xG: 0.00;13' Total xG: 0.58;14' Total xG: 0.00;14' Total xG: 0.58;15' Total xG: 0.00;15' Total xG: 0.58;15' Total xG: 0.00;15' Total xG: 0.58;16' Total xG: 0.00;16' Total xG: 0.58;17' Total xG: 0.00;17' Total xG: 0.58;17' Total xG: 0.00;17' Total xG: 0.58;18' Total xG: 0.00;18' Total xG: 0.58;19' Total xG: 0.01;19' Total xG: 0.58;20' Total xG: 0.01;20' Total xG: 0.58;20' Total xG: 0.01;20' Total xG: 0.58;21' Total xG: 0.01;21' Total xG: 0.61;22' Total xG: 0.01;22' Total xG: 0.61;22' Total xG: 0.01;22' Total xG: 0.61;23' Total xG: 0.01;23' Total xG: 0.61;24' Total xG: 0.01;24' Total xG: 0.61;24' Total xG: 0.01;24' Total xG: 0.61;25' Total xG: 0.01;25' Total xG: 0.61;26' Total xG: 0.01;26' Total xG: 0.61;27' Total xG: 0.01;27' Total xG: 0.61;27' Total xG: 0.01;27' Total xG: 0.61;28' Total xG: 0.01;28' Total xG: 0.61;29' Total xG: 0.01;29' Total xG: 0.61;29' Total xG: 0.01;29' Total xG: 0.61;30' Total xG: 0.07
Naouirou Ahamada - Shot xG: 0.06;30' Total xG: 0.61;31' Total xG: 0.07;31' Total xG: 0.61;32' Total xG: 0.07;32' Total xG: 0.61;32' Total xG: 0.07;32' Total xG: 0.61;33' Total xG: 0.07;33' Total xG: 0.61;34' Total xG: 0.07;34' Total xG: 0.66;34' Total xG: 0.07;34' Total xG: 0.66;35' Total xG: 0.07;35' Total xG: 0.66;36' Total xG: 0.07;36' Total xG: 0.66;37' Total xG: 0.07;37' Total xG: 0.66;37' Total xG: 0.07;37' Total xG: 0.66;38' Total xG: 0.07;38' Total xG: 0.66;39' Total xG: 0.07;39' Total xG: 0.66;39' Total xG: 0.07;39' Total xG: 0.66;40' Total xG: 0.20;40' Total xG: 0.66;41' Total xG: 0.22;41' Total xG: 0.68;42' Total xG: 0.22;42' Total xG: 0.68;42' Total xG: 0.22;42' Total xG: 0.68;43' Total xG: 0.26;43' Total xG: 0.68;44' Total xG: 0.26;44' Total xG: 0.68;44' Total xG: 0.26;44' Total xG: 0.68;45' Total xG: 0.26;45' Total xG: 0.68;46' Total xG: 0.39;46' Total xG: 0.68;47' Total xG: 0.46;47' Total xG: 0.68;47' Total xG: 0.46;47' Total xG: 0.68;48' Total xG: 0.52;48' Total xG: 0.68;49' Total xG: 0.52;49' Total xG: 0.68;49' Total xG: 0.52;49' Total xG: 0.68;50' Total xG: 0.52;50' Total xG: 0.68;51' Total xG: 0.52;51' Total xG: 0.68;52' Total xG: 0.52;52' Total xG: 0.68;52' Total xG: 0.52;52' Total xG: 0.68;53' Total xG: 0.52;53' Total xG: 0.68;54' Total xG: 0.52;54' Total xG: 0.68;54' Total xG: 0.52;54' Total xG: 0.68;55' Total xG: 0.52;55' Total xG: 0.68;56' Total xG: 0.52;56' Total xG: 0.68;57' Total xG: 0.52;57' Total xG: 0.68;57' Total xG: 0.52;57' Total xG: 0.68;58' Total xG: 0.52;58' Total xG: 0.68;59' Total xG: 0.52;59' Total xG: 0.68;59' Total xG: 0.52;59' Total xG: 0.68;60' Total xG: 0.52;60' Total xG: 0.68;61' Total xG: 0.52;61' Total xG: 0.74;62' Total xG: 0.52;62' Total xG: 0.74;62' Total xG: 0.52;62' Total xG: 0.74;63' Total xG: 0.52;63' Total xG: 0.74;64' Total xG: 0.52;64' Total xG: 0.74;64' Total xG: 0.52;64' Total xG: 0.74;65' Total xG: 0.52;65' Total xG: 1.16;66' Total xG: 0.52;66' Total xG: 1.16;67' Total xG: 0.52;67' Total xG: 1.18;67' Total xG: 0.52;67' Total xG: 1.18;68' Total xG: 0.52;68' Total xG: 1.18;69' Total xG: 0.52;69' Total xG: 1.18;69' Total xG: 0.52;69' Total xG: 1.18;70' Total xG: 0.52;70' Total xG: 1.29;71' Total xG: 0.52;71' Total xG: 1.78;71' Total xG: 0.52;71' Total xG: 1.78;72' Total xG: 0.52;72' Total xG: 1.78;73' Total xG: 0.52;73' Total xG: 1.81;74' Total xG: 0.52;74' Total xG: 1.84;74' Total xG: 0.52;74' Total xG: 1.84;75' Total xG: 0.52;75' Total xG: 1.86;76' Total xG: 0.52;76' Total xG: 1.86;76' Total xG: 0.52;76' Total xG: 1.86;77' Total xG: 0.52;77' Total xG: 1.95;78' Total xG: 0.52;78' Total xG: 1.95;79' Total xG: 0.52;79' Total xG: 1.95;79' Total xG: 0.52;79' Total xG: 1.95;80' Total xG: 0.52;80' Total xG: 1.95;81' Total xG: 0.54;81' Total xG: 2.00;81' Total xG: 0.54;81' Total xG: 2.00;82' Total xG: 0.54;82' Total xG: 2.00;83' Total xG: 0.54;83' Total xG: 2.00;84' Total xG: 0.54;84' Total xG: 2.00;84' Total xG: 0.54;84' Total xG: 2.00;85' Total xG: 0.54;85' Total xG: 2.00;86' Total xG: 0.54;86' Total xG: 2.00;86' Total xG: 0.54;86' Total xG: 2.00;87' Total xG: 0.54;87' Total xG: 2.00;88' Total xG: 0.54;88' Total xG: 2.03;89' Total xG: 0.54;89' Total xG: 2.03;89' Total xG: 0.54;89' Total xG: 2.03;90' Total xG: 0.54;90' Total xG: 2.03;91' Total xG: 0.54;91' Total xG: 2.05;91' Total xG: 0.54;91' Total xG: 2.05;92' Total xG: 0.54;92' Total xG: 2.05;93' Total xG: 0.54;93' Total xG: 2.05;94' Total xG: 0.54;94' Total xG: 2.13;94' Total xG: 0.54;94' Total xG: 2.13;95' Total xG: 0.57;95' Total xG: 2.13",https://understat.com/match/19349,8
8,Wolfsburg,2,0.95,11,3,6,4.32,1.21,Werder Bremen,2,1.04,10,4,9,8.97,1.45,"0' Total xG: 0.00;0' Total xG: 0.00;1' Total xG: 0.00;1' Total xG: 0.00;2' Total xG: 0.00;2' Total xG: 0.07;2' Total xG: 0.00;2' Total xG: 0.07;3' Total xG: 0.00;3' Total xG: 0.07;4' Total xG: 0.00;4' Total xG: 0.07;4' Total xG: 0.00;4' Total xG: 0.07;5' Total xG: 0.00;5' Total xG: 0.07;6' Total xG: 0.00;6' Total xG: 0.07;6' Total xG: 0.00;6' Total xG: 0.07;7' Total xG: 0.00;7' Total xG: 0.07;8' Total xG: 0.00;8' Total xG: 0.07;9' Total xG: 0.00;9' Total xG: 0.07;9' Total xG: 0.00;9' Total xG: 0.07;10' Total xG: 0.32
Lukas Nmecha - Shot xG: 0.32;10' Total xG: 0.07;11' Total xG: 0.32;11' Total xG: 0.07;11' Total xG: 0.32;11' Total xG: 0.07;12' Total xG: 0.35;12' Total xG: 0.07;13' Total xG: 0.35;13' Total xG: 0.07;13' Total xG: 0.35;13' Total xG: 0.07;14' Total xG: 0.35;14' Total xG: 0.07;15' Total xG: 0.37;15' Total xG: 0.07;16' Total xG: 0.50;16' Total xG: 0.07;16' Total xG: 0.50;16' Total xG: 0.07;17' Total xG: 0.50;17' Total xG: 0.07;18' Total xG: 0.50;18' Total xG: 0.07;18' Total xG: 0.50;18' Total xG: 0.07;19' Total xG: 0.50;19' Total xG: 0.07;20' Total xG: 0.50;20' Total xG: 0.09
Niclas Füllkrug - Shot xG: 0.02;20' Total xG: 0.50;20' Total xG: 0.09
Niclas Füllkrug - Shot xG: 0.02;21' Total xG: 0.50;21' Total xG: 0.09;22' Total xG: 0.50;22' Total xG: 0.21
Leonardo Bittencourt - Shot xG: 0.11;23' Total xG: 0.50;23' Total xG: 0.21;23' Total xG: 0.50;23' Total xG: 0.21;24' Total xG: 0.50;24' Total xG: 0.21;25' Total xG: 0.50;25' Total xG: 0.21;25' Total xG: 0.50;25' Total xG: 0.21;26' Total xG: 0.50;26' Total xG: 0.21;27' Total xG: 0.50;27' Total xG: 0.21;27' Total xG: 0.50;27' Total xG: 0.21;28' Total xG: 0.50;28' Total xG: 0.21;29' Total xG: 0.50;29' Total xG: 0.21;29' Total xG: 0.50;29' Total xG: 0.21;30' Total xG: 0.52;30' Total xG: 0.21;31' Total xG: 0.52;31' Total xG: 0.21;32' Total xG: 0.52;32' Total xG: 0.21;32' Total xG: 0.52;32' Total xG: 0.21;33' Total xG: 0.52;33' Total xG: 0.21;34' Total xG: 0.52;34' Total xG: 0.21;34' Total xG: 0.52;34' Total xG: 0.21;35' Total xG: 0.52;35' Total xG: 0.21;36' Total xG: 0.52;36' Total xG: 0.83;36' Total xG: 0.52;36' Total xG: 0.83;37' Total xG: 0.52;37' Total xG: 0.88;38' Total xG: 0.52;38' Total xG: 0.88;39' Total xG: 0.52;39' Total xG: 0.88;39' Total xG: 0.52;39' Total xG: 0.88;40' Total xG: 0.53;40' Total xG: 0.88;41' Total xG: 0.53;41' Total xG: 0.88;41' Total xG: 0.53;41' Total xG: 0.88;42' Total xG: 0.55;42' Total xG: 0.88;43' Total xG: 0.55;43' Total xG: 0.88;43' Total xG: 0.55;43' Total xG: 0.88;44' Total xG: 0.55;44' Total xG: 0.88;45' Total xG: 0.55;45' Total xG: 0.88;46' Total xG: 0.55;46' Total xG: 0.88;46' Total xG: 0.55;46' Total xG: 0.88;47' Total xG: 0.55;47' Total xG: 0.88;48' Total xG: 0.55;48' Total xG: 0.88;48' Total xG: 0.55;48' Total xG: 0.88;49' Total xG: 0.55;49' Total xG: 0.88;50' Total xG: 0.55;50' Total xG: 0.88;50' Total xG: 0.55;50' Total xG: 0.88;51' Total xG: 0.55;51' Total xG: 0.88;52' Total xG: 0.55;52' Total xG: 0.88;53' Total xG: 0.55;53' Total xG: 0.88;53' Total xG: 0.55;53' Total xG: 0.88;54' Total xG: 0.55;54' Total xG: 0.88;55' Total xG: 0.55;55' Total xG: 0.88;55' Total xG: 0.55;55' Total xG: 0.88;56' Total xG: 0.55;56' Total xG: 0.88;57' Total xG: 0.55;57' Total xG: 0.88;57' Total xG: 0.55;57' Total xG: 0.88;58' Total xG: 0.55;58' Total xG: 0.88;59' Total xG: 0.55;59' Total xG: 0.88;59' Total xG: 0.55;59' Total xG: 0.88;60' Total xG: 0.55;60' Total xG: 0.91;61' Total xG: 0.55;61' Total xG: 0.91;62' Total xG: 0.55;62' Total xG: 0.91;62' Total xG: 0.55;62' Total xG: 0.91;63' Total xG: 0.55;63' Total xG: 0.91;64' Total xG: 0.55;64' Total xG: 0.92;64' Total xG: 0.55;64' Total xG: 0.92;65' Total xG: 0.55;65' Total xG: 0.92;66' Total xG: 0.55;66' Total xG: 0.92;66' Total xG: 0.55;66' Total xG: 0.92;67' Total xG: 0.83;67' Total xG: 0.92;68' Total xG: 0.83;68' Total xG: 0.92;69' Total xG: 0.83;69' Total xG: 0.92;69' Total xG: 0.83;69' Total xG: 0.92;70' Total xG: 0.83;70' Total xG: 0.92;71' Total xG: 0.85;71' Total xG: 0.92;71' Total xG: 0.85;71' Total xG: 0.92;72' Total xG: 0.85;72' Total xG: 0.92;73' Total xG: 0.85;73' Total xG: 0.92;73' Total xG: 0.85;73' Total xG: 0.92;74' Total xG: 0.85;74' Total xG: 0.92;75' Total xG: 0.85;75' Total xG: 0.92;76' Total xG: 0.85;76' Total xG: 0.92;76' Total xG: 0.85;76' Total xG: 0.92;77' Total xG: 0.85;77' Total xG: 0.92;78' Total xG: 0.85;78' Total xG: 0.92;78' Total xG: 0.85;78' Total xG: 0.92;79' Total xG: 0.85;79' Total xG: 0.92;80' Total xG: 0.85;80' Total xG: 0.92;80' Total xG: 0.85;80' Total xG: 0.92;81' Total xG: 0.85;81' Total xG: 0.92;82' Total xG: 0.85;82' Total xG: 0.92;83' Total xG: 0.95
Josuha Guilavogui - Shot xG: 0.07;83' Total xG: 0.92;83' Total xG: 0.95
Josuha Guilavogui - Shot xG: 0.07;83' Total xG: 0.92;84' Total xG: 0.95;84' Total xG: 0.92;85' Total xG: 0.95;85' Total xG: 0.92;85' Total xG: 0.95;85' Total xG: 0.92;86' Total xG: 0.95;86' Total xG: 0.92;87' Total xG: 0.95;87' Total xG: 0.92;87' Total xG: 0.95;87' Total xG: 0.92;88' Total xG: 0.95;88' Total xG: 0.94;89' Total xG: 0.95;89' Total xG: 0.94;90' Total xG: 0.95;90' Total xG: 0.94;90' Total xG: 0.95;90' Total xG: 0.94;91' Total xG: 0.95;91' Total xG: 0.95;92' Total xG: 0.95;92' Total xG: 0.95;92' Total xG: 0.95;92' Total xG: 0.95;93' Total xG: 0.95;93' Total xG: 1.04",https://understat.com/match/19345,9
